stim,x,y,theta,phi
./test/1.png,200, 100,0.40489178628508343,1.5231546211727816
./test/1.png,300, 300,1.6278771092011612,0.70114192571832412
./test/1.png,100, 100,0.6096598667120815,1.5368799562750501
./test/1.png,100, 200,2.2091161348039425,0.77201036262475131
